model,gene,variable,df,statistic,contrast_ref,contrast_lvl,estimate,pval,FDR,std.error,hgnc_symbol
lme.contrast,module_00,Treatment,33.982706926034155,0.491899815031558,(None + None),(None + RV16),-0.0145516382853295,0.6259528218875289,0.6564871058820425,0.029582524409763965,NA
lme.contrast,module_00,Treatment,33.19008283018205,1.09073524091883,(None + None),(CXCL10 + RV16),-0.0318420893998279,0.2832448868619958,0.29706171061136144,0.02919323425637582,NA
lme.contrast,module_00,Treatment,32.40446626749685,0.824684845991137,(None + None),(IFNb + RV16),-0.0237688365292728,0.4155801081884588,0.49638735144732576,0.028821720982039504,NA
lme.contrast,module_00,Treatment,32.41451151865037,0.599813244789643,(None + RV16),(CXCL10 + RV16),-0.0172904511144984,0.5528009557593268,0.9343293502360811,0.028826390988685578,NA
lme.contrast,module_00,Treatment,33.21563694573388,0.315597543190586,(None + RV16),(IFNb + RV16),-0.00921719824394332,0.7542824803158679,0.8108536663395579,0.029205544982259773,NA
lme.contrast,module_00,Treatment,32.64509615417743,-0.279021707353785,(CXCL10 + RV16),(IFNb + RV16),0.0080732528705551,0.7819882237171848,0.8621921440984346,0.0289341390213724,NA
lme.contrast,module_01,Treatment,33.992589944323996,6.49719551021757,(None + None),(None + RV16),-0.312070323682649,1.9636949112811123e-7,4.96699301088752e-7,0.04803154271591235,NA
lme.contrast,module_01,Treatment,33.26198784252919,6.37345058724373,(None + None),(CXCL10 + RV16),-0.303197837026961,3.1173501647099726e-7,8.377878567658052e-7,0.04757200716889571,NA
lme.contrast,module_01,Treatment,32.546854632656945,6.1031211143747,(None + None),(IFNb + RV16),-0.287670829097202,7.528054577104569e-7,4.046329335193706e-6,0.047135035288690175,NA
lme.contrast,module_01,Treatment,32.555944567737306,-0.188213599718858,(None + RV16),(CXCL10 + RV16),0.00887248665568802,0.8518775039720203,0.9343293502360811,0.0471405183734927,NA
lme.contrast,module_01,Treatment,33.285396600366695,-0.512739697210496,(None + RV16),(IFNb + RV16),0.0243994945854477,0.6115195874838025,0.6919826911000924,0.04758651362122035,NA
lme.contrast,module_01,Treatment,32.76497938802119,-0.328495072333737,(CXCL10 + RV16),(IFNb + RV16),0.0155270079297596,0.7446276588189278,0.8426049823477341,0.04726709542231696,NA
lme.contrast,module_02,Treatment,33.81858808838694,-8.31494541091052,(None + None),(None + RV16),0.556894288703144,1.0945237537605918e-9,9.412904282341089e-9,0.06697509859444303,NA
lme.contrast,module_02,Treatment,33.05796433754942,-8.14869472996004,(None + None),(CXCL10 + RV16),0.537018861933115,2.059817385439431e-9,2.214303689347388e-8,0.06590243955988126,NA
lme.contrast,module_02,Treatment,32.29673587672548,-4.34940679325365,(None + None),(IFNb + RV16),0.282171220147352,1.280365399258778e-4,3.238571304007497e-4,0.06487579423130227,NA
lme.contrast,module_02,Treatment,32.30651682902625,0.306300191944585,(None + RV16),(CXCL10 + RV16),-0.0198754267700294,0.761341442658647,0.9343293502360811,0.06488871797254765,NA
lme.contrast,module_02,Treatment,33.08260058492861,4.16648515774125,(None + RV16),(IFNb + RV16),-0.274723068555792,2.084848329876703e-4,0.0022412119546174557,0.06593640878459914,NA
lme.contrast,module_02,Treatment,32.53069271737648,3.90949967751321,(CXCL10 + RV16),(IFNb + RV16),-0.254847641785763,4.4231563506425664e-4,0.004213417965724405,0.06518676628920163,NA
lme.contrast,module_03,Treatment,33.802880294997294,-1.48795044670579,(None + None),(None + RV16),0.0403153330067072,0.14603422792097542,0.16524925791057746,0.027094540074209052,NA
lme.contrast,module_03,Treatment,33.242772751955826,-0.580329239876709,(None + None),(CXCL10 + RV16),0.0156301733644663,0.5656059896706758,0.5790727989485489,0.02693328595296509,NA
lme.contrast,module_03,Treatment,32.701883115606186,-2.49446249434285,(None + None),(IFNb + RV16),0.0668029512817264,0.01784810349849238,0.026464429325350772,0.026780499379416463,NA
lme.contrast,module_03,Treatment,32.70871635073726,0.921692884167835,(None + RV16),(CXCL10 + RV16),-0.024685159642241,0.3634376172304443,0.9343293502360811,0.026782413172830703,NA
lme.contrast,module_03,Treatment,33.26059581761443,-0.983267394174559,(None + RV16),(IFNb + RV16),0.0264876182750192,0.33257469459689326,0.42060917257842384,0.026938367357594774,NA
lme.contrast,module_03,Treatment,32.86614452260403,-1.90753750439301,(CXCL10 + RV16),(IFNb + RV16),0.0511727779172602,0.06522131661341839,0.11685485893237461,0.026826616933827294,NA
lme.contrast,module_04,Treatment,33.984945580327185,-1.42799619355547,(None + None),(None + RV16),0.122988926789873,0.16241873185807224,0.17907706333069504,0.08612692901067964,NA
lme.contrast,module_04,Treatment,33.19249595650596,-1.31562970094383,(None + None),(CXCL10 + RV16),0.111828223182212,0.19731367098981079,0.22327599612004903,0.08499977090969202,NA
lme.contrast,module_04,Treatment,32.407245515609105,0.0190920732319665,(None + None),(IFNb + RV16),-0.00160228626245824,0.9848847199385967,0.9848847199385967,0.0839241628182883,NA
lme.contrast,module_04,Treatment,32.41728487760766,0.132964161183047,(None + RV16),(CXCL10 + RV16),-0.0111607036076604,0.8950436792073436,0.9343293502360811,0.08393768296929158,NA
lme.contrast,module_04,Treatment,33.21804138676714,1.46516853018119,(None + RV16),(IFNb + RV16),-0.124591213052331,0.1522767154329774,0.21078479909503667,0.08503541434712848,NA
lme.contrast,module_04,Treatment,32.647742910438794,1.34636213801173,(CXCL10 + RV16),(IFNb + RV16),-0.113430509444671,0.18745968563886833,0.2686922160823779,0.08424962812173402,NA
lme.contrast,module_05,Treatment,33.80214898853998,3.83112447709869,(None + None),(None + RV16),-0.0898993262373427,5.27406308596893e-4,8.722488949871691e-4,0.023465519529509888,NA
lme.contrast,module_05,Treatment,33.046500370714284,2.2207219121446,(None + None),(CXCL10 + RV16),-0.0512660143762507,0.033337398827747035,0.04216200439979772,0.0230852922627949,NA
lme.contrast,module_05,Treatment,32.289766333771084,2.233885526273,(None + None),(IFNb + RV16),-0.0507567963901214,0.032539712166606345,0.0466402541054691,0.022721305900935636,NA
lme.contrast,module_05,Treatment,32.29949277069122,-1.69996927402637,(None + RV16),(CXCL10 + RV16),0.038633311861092,0.09874867337808542,0.9343293502360811,0.022725888315374677,NA
lme.contrast,module_05,Treatment,33.07098284566577,-1.69467735876119,(None + RV16),(IFNb + RV16),0.0391425298472213,0.09953489062651652,0.14337174099159825,0.023097334513181036,NA
lme.contrast,module_05,Treatment,32.52239576328567,-0.0223032447422793,(CXCL10 + RV16),(IFNb + RV16),5.09217986129372e-4,0.9823423420575719,0.9845609859617925,0.02283156518316228,NA
lme.contrast,module_06,Treatment,33.026313777388374,-4.6372535542326,(None + None),(None + RV16),0.173296219224463,5.3416540922440606e-5,9.570463581937276e-5,0.03737044291362695,NA
lme.contrast,module_06,Treatment,32.57259958939731,-4.20236854338376,(None + None),(CXCL10 + RV16),0.153733552871385,1.924868537692559e-4,3.183436427722309e-4,0.03658259652486308,NA
lme.contrast,module_06,Treatment,32.10979634424413,-2.0505843871572,(None + None),(IFNb + RV16),0.0734613970315398,0.04854383565633767,0.06523077916320374,0.03582461540799213,NA
lme.contrast,module_06,Treatment,32.11580395130778,0.545921944925153,(None + RV16),(CXCL10 + RV16),-0.0195626663530781,0.5888920091835299,0.9343293502360811,0.03583418203816695,NA
lme.contrast,module_06,Treatment,32.58742436996288,2.72716040019969,(None + RV16),(IFNb + RV16),-0.099834822192923,0.010204272808580842,0.022804424555087098,0.036607609213456224,NA
lme.contrast,module_06,Treatment,32.25304624501372,2.2264035693421,(CXCL10 + RV16),(IFNb + RV16),-0.080272155839845,0.03309380034798635,0.0646833370437915,0.036054629513356876,NA
lme.contrast,module_07,Treatment,33.94662994675568,3.7911340361839,(None + None),(None + RV16),-0.0942335254815824,5.876906222022593e-4,9.3595173165545e-4,0.02485628959097326,NA
lme.contrast,module_07,Treatment,33.155820316397026,4.37391802282164,(None + None),(CXCL10 + RV16),-0.107189294013267,1.1420501938829637e-4,1.9643263334786975e-4,0.024506470732644985,NA
lme.contrast,module_07,Treatment,32.36956873789198,0.546164475876937,(None + None),(IFNb + RV16),-0.0132020611754998,0.5886978065847734,0.6490770687985964,0.024172317605062433,NA
lme.contrast,module_07,Treatment,32.379637509170806,0.535882276689112,(None + RV16),(CXCL10 + RV16),-0.0129557685316845,0.5957022133197549,0.9343293502360811,0.02417651990980224,NA
lme.contrast,module_07,Treatment,33.18135422995414,-3.30504080513211,(None + RV16),(IFNb + RV16),0.0810314643060826,0.002285515396475428,0.008934287458949402,0.02451753823440121,NA
lme.contrast,module_07,Treatment,32.61065218193346,-3.87201578754531,(CXCL10 + RV16),(IFNb + RV16),0.0939872328377671,4.89932321595861e-4,0.004213417965724405,0.024273463228142184,NA
lme.contrast,module_08,Treatment,33.40191032387205,-3.48741699440219,(None + None),(None + RV16),0.0413120594957963,0.001388217463415209,0.001989778364228466,0.011846033772877816,NA
lme.contrast,module_08,Treatment,32.79255033884998,-5.85256598303494,(None + None),(CXCL10 + RV16),0.0679910227947799,1.5232475132478139e-6,3.638869059425333e-6,0.011617301366933433,NA
lme.contrast,module_08,Treatment,32.17551486826372,-6.81012963982758,(None + None),(IFNb + RV16),0.0776194180823919,1.0340718071581542e-7,7.410847951300106e-7,0.011397641775929106,NA
lme.contrast,module_08,Treatment,32.183492731485195,-2.34017544793149,(None + RV16),(CXCL10 + RV16),0.0266789632989836,0.025634976036751335,0.9343293502360811,0.011400411589894027,NA
lme.contrast,module_08,Treatment,32.812394480839046,-3.1233327224621,(None + RV16),(IFNb + RV16),0.0363073585865956,0.0037227594328362204,0.013339887967663123,0.011624556783682877,NA
lme.contrast,module_08,Treatment,32.36597879006299,-0.839862217735319,(CXCL10 + RV16),(IFNb + RV16),0.009628395287612,0.4071469495961727,0.5305248131101644,0.011464255784210519,NA
lme.contrast,module_09,Treatment,34.013079314678215,-15.4264775358086,(None + None),(None + RV16),2.14407011330734,6.381497152260122e-17,2.7440437754718524e-15,0.13898636991694527,NA
lme.contrast,module_09,Treatment,33.23924839550714,-15.1541096214191,(None + None),(CXCL10 + RV16),2.08242276513546,1.7340932166765456e-16,7.456600831709146e-15,0.13741637200460358,NA
lme.contrast,module_09,Treatment,32.47715738163677,-11.2399332825164,(None + None),(IFNb + RV16),1.52774157863957,9.906273184455938e-13,4.259697469316053e-11,0.13592087606213446,NA
lme.contrast,module_09,Treatment,32.48687184991222,0.453490536593187,(None + RV16),(CXCL10 + RV16),-0.0616473481718747,0.653210377524928,0.9343293502360811,0.13593965738512576,NA
lme.contrast,module_09,Treatment,33.26411814496071,4.48349879612494,(None + RV16),(IFNb + RV16),-0.616328534667772,8.257381226820396e-5,0.0012348668351794758,0.13746597527816018,NA
lme.contrast,module_09,Treatment,32.71007494205166,4.06737944065424,(CXCL10 + RV16),(IFNb + RV16),-0.554681186495898,2.811249300160612e-4,0.004213417965724405,0.13637311064508825,NA
lme.contrast,module_10,Treatment,33.61857570412302,6.41329455854799,(None + None),(None + RV16),-0.171439406678864,2.644908570491108e-7,6.318392696173202e-7,0.02673187783810119,NA
lme.contrast,module_10,Treatment,32.92574382984823,6.34063399321805,(None + None),(CXCL10 + RV16),-0.166465940659633,3.587569889781452e-7,9.07444148591779e-7,0.02625383216215994,NA
lme.contrast,module_10,Treatment,32.22785542327938,3.91924813925464,(None + None),(IFNb + RV16),-0.101098651160623,4.353527441229917e-4,8.914365712994591e-4,0.025795419827602396,NA
lme.contrast,module_10,Treatment,32.236853172186954,-0.192761065227194,(None + RV16),(CXCL10 + RV16),0.00497346601923138,0.8483553768654917,0.9343293502360811,0.025801195969577646,NA
lme.contrast,module_10,Treatment,32.94825209296905,-2.67771119964438,(None + RV16),(IFNb + RV16),0.0703407555182409,0.011467956777746775,0.02348200673538625,0.026268985067389877,NA
lme.contrast,module_10,Treatment,32.442854864099615,-2.52048916355866,(CXCL10 + RV16),(IFNb + RV16),0.0653672894990095,0.01682667673942919,0.04522169373721595,0.025934366409541738,NA
lme.contrast,module_11,Treatment,32.696984238439995,3.65193840674987,(None + None),(None + RV16),-0.0815872080496628,9.011241206439367e-4,0.001336149558196182,0.02234079520587351,NA
lme.contrast,module_11,Treatment,32.38581875825045,3.34959435557582,(None + None),(CXCL10 + RV16),-0.0731703243548227,0.002066218107831678,0.0030637027116124883,0.02184453297546955,NA
lme.contrast,module_11,Treatment,32.066651559198746,3.26597982418393,(None + None),(IFNb + RV16),-0.0697826326546038,0.0025993829649919274,0.004657227812277204,0.021366522884764125,NA
lme.contrast,module_11,Treatment,32.07080705596034,-0.393817300468496,(None + RV16),(CXCL10 + RV16),0.00841688369484006,0.6963222081081022,0.9343293502360811,0.02137255952145095,NA
lme.contrast,module_11,Treatment,32.39601175589376,-0.540000679211006,(None + RV16),(IFNb + RV16),0.0118045753950589,0.5928895887169414,0.6890338463467156,0.02186029730982292,NA
lme.contrast,module_11,Treatment,32.16564700323775,-0.157481808343527,(CXCL10 + RV16),(IFNb + RV16),0.00338769170021885,0.8758495798665654,0.918573949616154,0.021511638301923888,NA
lme.contrast,module_12,Treatment,33.794922733593786,2.81522745576027,(None + None),(None + RV16),-0.056463046911542,0.008072934339221596,0.010519278078379655,0.020056300174258506,NA
lme.contrast,module_12,Treatment,33.04150799051863,2.78008396939269,(None + None),(CXCL10 + RV16),-0.0548502559515282,0.008901010512774716,0.011960732876541024,0.019729711963883723,NA
lme.contrast,module_12,Treatment,32.286805012395085,0.0274251343023099,(None + None),(IFNb + RV16),-5.3251515121981e-4,0.9782894687352125,0.9848847199385967,0.019417048075310916,NA
lme.contrast,module_12,Treatment,32.296506721628205,-0.0830437281902263,(None + RV16),(CXCL10 + RV16),0.0016127909600137,0.9343293502360811,0.9343293502360811,0.019420984524193344,NA
lme.contrast,module_12,Treatment,33.06592121664268,-2.83335226073713,(None + RV16),(IFNb + RV16),0.0559305317603221,0.007789940785674059,0.01970396786964615,0.01974005581140526,NA
lme.contrast,module_12,Treatment,32.51883303448458,-2.78384581330653,(CXCL10 + RV16),(IFNb + RV16),0.0543177408003084,0.008879675785139922,0.031818838230084724,0.019511763381676754,NA
lme.contrast,module_13,Treatment,33.80817609663654,-3.09652637643816,(None + None),(None + RV16),0.0646057810158712,0.003921300883547803,0.0052692480622673595,0.020863953075763962,NA
lme.contrast,module_13,Treatment,33.243932463662624,-2.85175953506707,(None + None),(CXCL10 + RV16),0.0591409271130543,0.007419440417123409,0.010468514470148965,0.020738399007987674,NA
lme.contrast,module_13,Treatment,32.69890830807586,-3.55994949431217,(None + None),(IFNb + RV16),0.0734041296614176,0.0011601829610269866,0.002267630332916383,0.02061943007301015,NA
lme.contrast,module_13,Treatment,32.70579456994864,0.265015034194574,(None + RV16),(CXCL10 + RV16),-0.00546485390281681,0.792661064364828,0.9343293502360811,0.02062092031656027,NA
lme.contrast,module_13,Treatment,33.261889511891894,-0.424173070245929,(None + RV16),(IFNb + RV16),0.00879834864554642,0.6741705183268606,0.743316212514231,0.02074235556831855,NA
lme.contrast,module_13,Treatment,32.864438932661884,-0.690533391574053,(CXCL10 + RV16),(IFNb + RV16),0.0142632025483632,0.49470724551127254,0.625659163440727,0.020655340816829466,NA
lme.contrast,module_14,Treatment,33.680933478079154,-0.465507913775541,(None + None),(None + RV16),0.0153658794337219,0.6445639070285012,0.6599106667196559,0.03300884685094972,NA
lme.contrast,module_14,Treatment,32.96561488796907,-0.36494251487441,(None + None),(CXCL10 + RV16),0.0118369706286102,0.7174852566262221,0.7174852566262221,0.03243516484420483,NA
lme.contrast,module_14,Treatment,32.246354428648175,-1.43988537655663,(None + None),(IFNb + RV16),0.0459112164559587,0.15953836194324988,0.20788332010787106,0.03188532726525188,NA
lme.contrast,module_14,Treatment,32.255618952719644,0.110650970245192,(None + RV16),(CXCL10 + RV16),-0.00352890880511178,0.9125787599826851,0.9343293502360811,0.03189225360873077,NA
lme.contrast,module_14,Treatment,32.988834615156215,-0.941207673868847,(None + RV16),(IFNb + RV16),0.0305453370222368,0.3534401085644099,0.43422641909341786,0.03245334464463059,NA
lme.contrast,module_14,Treatment,32.46779245321918,-1.06309414808674,(CXCL10 + RV16),(IFNb + RV16),0.0340742458273485,0.29558263475592894,0.39718916545327954,0.032051955030203215,NA
lme.contrast,module_15,Treatment,34.01296027305786,-7.97450388573004,(None + None),(None + RV16),0.43358758525859,2.7141476536931727e-9,1.3986460128647205e-8,0.05437173164270107,NA
lme.contrast,module_15,Treatment,33.243795136446,-7.79036129514926,(None + None),(CXCL10 + RV16),0.418895099538581,5.343768476647786e-9,2.5531338277317198e-8,0.05377094638722466,NA
lme.contrast,module_15,Treatment,32.486950407202585,-4.48954568035788,(None + None),(IFNb + RV16),0.238838496884171,8.465068769724747e-5,2.4161313697646395e-4,0.0531988120600062,NA
lme.contrast,module_15,Treatment,32.49659408518726,0.276143418371528,(None + RV16),(CXCL10 + RV16),-0.0146924857200096,0.7841865520730527,0.9343293502360811,0.05320599638642141,NA
lme.contrast,module_15,Treatment,33.268504370299596,3.62054950361747,(None + RV16),(IFNb + RV16),-0.194749088374419,9.662091496633506e-4,0.00461633260394712,0.053789925584454897,NA
lme.contrast,module_15,Treatment,32.718198153574704,3.37362747984433,(CXCL10 + RV16),(IFNb + RV16),-0.180056602654409,0.0019219865112842655,0.010330677498152927,0.05337180934473471,NA
lme.contrast,module_16,Treatment,33.30318311665127,-0.252398999628375,(None + None),(None + RV16),0.0209490734963186,0.8022839860370792,0.8022839860370792,0.08299982776145483,NA
lme.contrast,module_16,Treatment,32.7337191416793,-1.17265109941148,(None + None),(CXCL10 + RV16),0.0953986158800276,0.24939919376024164,0.2749785982484716,0.08135294115010434,NA
lme.contrast,module_16,Treatment,32.15588146985015,-4.03927306875808,(None + None),(IFNb + RV16),0.322214875994713,3.115492241025241e-4,6.865798514249424e-4,0.07977051080970429,NA
lme.contrast,module_16,Treatment,32.16336098552797,-0.933063087566305,(None + RV16),(CXCL10 + RV16),0.074449542383709,0.3577394960878254,0.9343293502360811,0.07979047009339386,NA
lme.contrast,module_16,Treatment,32.75228164093953,-3.70081792084393,(None + RV16),(IFNb + RV16),0.301265802498395,7.858564564406597e-4,0.004223978453368546,0.08140519445757934,NA
lme.contrast,module_16,Treatment,32.33438558368853,-2.82635351784569,(CXCL10 + RV16),(IFNb + RV16),0.226816260114686,0.008009425327005435,0.03130957173283943,0.08025049190858839,NA
lme.contrast,module_17,Treatment,33.97604649136009,6.73767272674332,(None + None),(None + RV16),-0.241287511385598,9.679070657827383e-8,2.601250239291109e-7,0.03581169955433934,NA
lme.contrast,module_17,Treatment,33.18317946664255,6.56386127289095,(None + None),(CXCL10 + RV16),-0.231922679210097,1.8055310380035144e-7,5.175855642276742e-7,0.035333269483916185,NA
lme.contrast,module_17,Treatment,32.39678734894745,4.02698241961496,(None + None),(IFNb + RV16),-0.140447433146313,3.1933946577904297e-4,6.865798514249424e-4,0.03487659455929336,NA
lme.contrast,module_17,Treatment,32.40684587113225,-0.268469183706957,(None + RV16),(CXCL10 + RV16),0.00936483217550102,0.7900398777993033,0.9343293502360811,0.03488233564163198,NA
lme.contrast,module_17,Treatment,33.20874987034027,-2.85274797336188,(None + RV16),(IFNb + RV16),0.100840078239285,0.007404647666778234,0.01970396786964615,0.035348400623153454,NA
lme.contrast,module_17,Treatment,32.637711279769995,-2.61247436675578,(CXCL10 + RV16),(IFNb + RV16),0.0914752460637837,0.013481395188796166,0.0414004906937542,0.03501479181109805,NA
lme.contrast,module_18,Treatment,33.9803752118406,-1.35474529354967,(None + None),(None + RV16),0.082360795869385,0.1844381114393571,0.19827096979730888,0.06079430300406151,NA
lme.contrast,module_18,Treatment,33.18762237055441,-1.55042774015292,(None + None),(CXCL10 + RV16),0.0930099728954983,0.13052372795399614,0.151689737892482,0.059989879235729335,NA
lme.contrast,module_18,Treatment,32.401684633301656,0.430582831775292,(None + None),(IFNb + RV16),-0.025500033824439,0.669622489988112,0.7198441767372203,0.05922213321720795,NA
lme.contrast,module_18,Treatment,32.41173520339862,-0.179788219286615,(None + RV16),(CXCL10 + RV16),0.0106491770261133,0.8584381574631487,0.9343293502360811,0.059231784309162976,NA
lme.contrast,module_18,Treatment,33.21318370021391,1.79722163849808,(None + RV16),(IFNb + RV16),-0.107860829693824,0.08139882099747549,0.12963515936634984,0.06001531885848105,NA
lme.contrast,module_18,Treatment,32.642433315560325,1.99329060074086,(CXCL10 + RV16),(IFNb + RV16),-0.118510006719937,0.05464278462687705,0.10215824951981362,0.05945445519880022,NA
lme.contrast,module_19,Treatment,33.888006747753366,-7.85630719498591,(None + None),(None + RV16),0.155659707221518,3.888734026896591e-9,1.672155631565534e-8,0.01981334275228744,NA
lme.contrast,module_19,Treatment,33.10850939659111,-7.87544445293612,(None + None),(CXCL10 + RV16),0.153682365259598,4.335159510279959e-9,2.524231695907935e-8,0.01951411963832753,NA
lme.contrast,module_19,Treatment,32.33080620911054,-9.81350672154284,(None + None),(IFNb + RV16),0.188694089966924,3.2162989205941905e-11,4.6100284528516733e-10,0.019227998239681056,NA
lme.contrast,module_19,Treatment,32.34078295716441,0.102817349067652,(None + RV16),(CXCL10 + RV16),-0.00197734196191945,0.9187428416128579,0.9343293502360811,0.019231598362046836,NA
lme.contrast,module_19,Treatment,33.133719966141456,-1.69202388914782,(None + RV16),(IFNb + RV16),0.0330343827454062,0.10002679604064993,0.14337174099159825,0.019523591219532805,NA
lme.contrast,module_19,Treatment,32.56956100412424,-1.81270429733049,(CXCL10 + RV16),(IFNb + RV16),0.0350117247073257,0.07910425130180036,0.13082626176836212,0.019314636567523004,NA
lme.contrast,module_20,Treatment,33.76159170891313,8.36335648687062,(None + None),(None + RV16),-0.237615447036696,9.702382016130727e-10,9.412904282341089e-9,0.02841149332922983,NA
lme.contrast,module_20,Treatment,33.018806029993584,7.46033810149237,(None + None),(CXCL10 + RV16),-0.208433706604519,1.4128668264745665e-8,5.523024867127851e-8,0.02793890890318014,NA
lme.contrast,module_20,Treatment,32.273856965635616,5.23133933802968,(None + None),(IFNb + RV16),-0.143790224948415,9.904236779333947e-6,3.0420155822239982e-5,0.027486311947519604,NA
lme.contrast,module_20,Treatment,32.28343929164106,-1.06146255536729,(None + RV16),(CXCL10 + RV16),0.0291817404321765,0.29635631000898677,0.9343293502360811,0.027492011173280508,NA
lme.contrast,module_20,Treatment,33.042888358027284,-3.35642937862321,(None + RV16),(IFNb + RV16),0.0938252220882811,0.0019975084487380344,0.008589286329573547,0.02795387940704052,NA
lme.contrast,module_20,Treatment,32.50298620348823,-2.34016816437497,(CXCL10 + RV16),(IFNb + RV16),0.0646434816561046,0.02557032477100194,0.05497619825765417,0.02762343434980027,NA
lme.contrast,module_21,Treatment,33.778347008786525,5.6929040450908,(None + None),(None + RV16),-0.140945006703476,2.2060523070841657e-6,4.517154724029482e-6,0.024758015520219168,NA
lme.contrast,module_21,Treatment,33.03015480249514,5.30688318934027,(None + None),(CXCL10 + RV16),-0.12922508632511,7.439740962552213e-6,1.4541311881352053e-5,0.02435046744286355,NA
lme.contrast,module_21,Treatment,32.280227270099985,1.33441440758788,(None + None),(IFNb + RV16),-0.0319728691614544,0.19140536217252108,0.24207148745348253,0.023960224784480018,NA
lme.contrast,module_21,Treatment,32.289870649315404,-0.489040379586654,(None + RV16),(CXCL10 + RV16),0.0117199203783662,0.6281185936380459,0.9343293502360811,0.023965138396694632,NA
lme.contrast,module_21,Treatment,33.054405710129416,-4.47278467261427,(None + RV16),(IFNb + RV16),0.108972137542022,8.615350012880064e-5,0.0012348668351794758,0.024363376625132643,NA
lme.contrast,module_21,Treatment,32.51083806754185,-4.03897356556516,(CXCL10 + RV16),(IFNb + RV16),0.0972522171636557,3.0724291709394153e-4,0.004213417965724405,0.024078448542667653,NA
lme.contrast,module_22,Treatment,33.96760012134695,8.09920888828249,(None + None),(None + RV16),-0.390658889042334,1.930362478288171e-9,1.1857940938055909e-8,0.048234203418005245,NA
lme.contrast,module_22,Treatment,33.17489077774843,7.99281838273131,(None + None),(CXCL10 + RV16),-0.380288617376824,3.0853156790681956e-9,2.368647403004695e-8,0.04757878875346995,NA
lme.contrast,module_22,Treatment,32.388044993380205,5.50505277063455,(None + None),(IFNb + RV16),-0.258478921903804,4.400902005733492e-6,1.5769898853878346e-5,0.04695303254541008,NA
lme.contrast,module_22,Treatment,32.39811316275299,-0.220827787301091,(None + RV16),(CXCL10 + RV16),0.0103702716655097,0.8266123295229255,0.9343293502360811,0.04696090013060828,NA
lme.contrast,module_22,Treatment,33.20046571539597,-2.77691808816853,(None + RV16),(IFNb + RV16),0.13217996713853,0.008952848550709725,0.021387360426695454,0.04759951966235596,NA
lme.contrast,module_22,Treatment,32.629172613472036,-2.5838664351571,(CXCL10 + RV16),(IFNb + RV16),0.12180969547302,0.014442031637356115,0.0414004906937542,0.04714241178089923,NA
lme.contrast,module_23,Treatment,33.832896717672035,-13.0504772322148,(None + None),(None + RV16),0.297361797963279,9.246041643834514e-15,1.9878989534244205e-13,0.022785511416337275,NA
lme.contrast,module_23,Treatment,33.068075491978604,-13.1257839635567,(None + None),(CXCL10 + RV16),0.29433889446735,1.1525827007108641e-14,2.478052806528358e-13,0.02242448110410566,NA
lme.contrast,module_23,Treatment,32.303091614424886,-10.9046945472001,(None + None),(IFNb + RV16),0.240764729445406,2.320287237740686e-12,4.988617561142475e-11,0.022078998031836113,NA
lme.contrast,module_23,Treatment,32.312917861533066,0.136886113147887,(None + RV16),(CXCL10 + RV16),-0.00302290349592915,0.8919701678766454,0.9343293502360811,0.022083346706347932,NA
lme.contrast,module_23,Treatment,33.09284090428676,2.52261040976756,(None + RV16),(IFNb + RV16),-0.0565970685178731,0.016636024507847093,0.03110213277554022,0.022435913329592595,NA
lme.contrast,module_23,Treatment,32.538153291720754,2.41503052456633,(CXCL10 + RV16),(IFNb + RV16),-0.053574165021944,0.02152094669801599,0.05141115044526042,0.0221836388720446,NA
lme.contrast,module_24,Treatment,33.654557502590684,-2.51618917671461,(None + None),(None + RV16),0.0649940967822705,0.016802326160011247,0.020642857853728103,0.025830369744747613,NA
lme.contrast,module_24,Treatment,32.94863820148821,-2.20496199140997,(None + None),(CXCL10 + RV16),0.0559526217105697,0.03454661108799647,0.042442979336681376,0.025375776058067408,NA
lme.contrast,module_24,Treatment,32.238281206396316,-2.05517852200061,(None + None),(IFNb + RV16),0.0512561095232568,0.048038419684604976,0.06523077916320374,0.02493997916704655,NA
lme.contrast,module_24,Treatment,32.24743479998557,0.362449584445439,(None + RV16),(CXCL10 + RV16),-0.00904147507170083,0.7193808011221434,0.9343293502360811,0.024945469548639736,NA
lme.contrast,module_24,Treatment,32.97156100126051,0.541074751472243,(None + RV16),(IFNb + RV16),-0.0137379872590138,0.5920933062478997,0.6890338463467156,0.025390183558987475,NA
lme.contrast,module_24,Treatment,32.457040408311954,0.187320573929899,(CXCL10 + RV16),(IFNb + RV16),-0.00469651218731295,0.8525753885809431,0.9165185427245137,0.02507205742958343,NA
lme.contrast,module_25,Treatment,33.97403020473941,3.70072420157705,(None + None),(None + RV16),-0.0554830784945958,7.57142862493212e-4,0.0011627551102574326,0.014992492137336775,NA
lme.contrast,module_25,Treatment,33.181158858193655,2.84532903962608,(None + None),(CXCL10 + RV16),-0.0420862469984688,0.0075470685715027415,0.010468514470148965,0.01479134624233111,NA
lme.contrast,module_25,Treatment,32.39461066759421,-0.744107973871736,(None + None),(IFNb + RV16),0.0108634821943451,0.4621749011663232,0.5371221824365378,0.014599335816575515,NA
lme.contrast,module_25,Treatment,32.40467214054693,-0.917481242539385,(None + RV16),(CXCL10 + RV16),0.013396831496127,0.3656690419699623,0.9343293502360811,0.014601749741550634,NA
lme.contrast,module_25,Treatment,33.20673179733282,-4.48357007235272,(None + RV16),(IFNb + RV16),0.0663465606889409,8.281085816046564e-5,0.0012348668351794758,0.014797707991240578,NA
lme.contrast,module_25,Treatment,32.635598482328504,-3.61248078314493,(CXCL10 + RV16),(IFNb + RV16),0.0529497291928139,0.0010063860829034618,0.006182085937835552,0.014657442453359497,NA
lme.contrast,module_26,Treatment,33.79971717279109,6.97101967442671,(None + None),(None + RV16),-0.171556936393457,5.021322704279881e-8,1.7993073023669576e-7,0.02461002039957177,NA
lme.contrast,module_26,Treatment,33.044817255448194,6.58393271739989,(None + None),(CXCL10 + RV16),-0.159400842356506,1.7370192177366908e-7,5.175855642276742e-7,0.024210581911817585,NA
lme.contrast,module_26,Treatment,32.28876310877708,7.300485004323,(None + None),(IFNb + RV16),-0.1739573756365,2.539745532599486e-8,2.184181158035558e-7,0.02382819436427735,NA
lme.contrast,module_26,Treatment,32.29848127403953,-0.510052855196481,(None + RV16),(CXCL10 + RV16),0.0121560940369516,0.6134825101836083,0.9343293502360811,0.023833008507067013,NA
lme.contrast,module_26,Treatment,33.06927653416834,0.0990965683818006,(None + RV16),(IFNb + RV16),-0.00240043924304306,0.9216598823697553,0.9436041652833208,0.024223232774263345,NA
lme.contrast,module_26,Treatment,32.52119131740573,0.607940015143716,(CXCL10 + RV16),(IFNb + RV16),-0.0145565332799946,0.5474496755729523,0.6662555215733829,0.023944028880141206,NA
lme.contrast,module_27,Treatment,34.0109675505698,-5.94099427890467,(None + None),(None + RV16),0.28873205195335,1.0260822056449245e-6,2.2060767421365875e-6,0.04859995455282329,NA
lme.contrast,module_27,Treatment,33.24988777006055,-5.28508279433231,(None + None),(CXCL10 + RV16),0.254113272273943,7.790204625734802e-6,1.456429560463463e-5,0.048081228272611506,NA
lme.contrast,module_27,Treatment,32.50198660267389,-2.95329747136147,(None + None),(IFNb + RV16),0.140539824564553,0.005802180902288479,0.009595914569169407,0.04758742589508391,NA
lme.contrast,module_27,Treatment,32.51151041904943,0.727382697805039,(None + RV16),(CXCL10 + RV16),-0.0346187796794071,0.4721974515266333,0.9343293502360811,0.0475936254517371,NA
lme.contrast,module_27,Treatment,33.27432118770599,3.08107244401128,(None + RV16),(IFNb + RV16),-0.148192227388798,0.004121362149653985,0.01363219787962472,0.04809761214048727,NA
lme.contrast,module_27,Treatment,32.73040151736249,2.37916328925223,(CXCL10 + RV16),(IFNb + RV16),-0.11357344770939,0.023341924766385597,0.05282646131339898,0.04773671829186908,NA
lme.contrast,module_28,Treatment,33.79455335635954,4.87699970360452,(None + None),(None + RV16),-0.14889898183181,2.5119573226173323e-5,4.696268037936752e-5,0.03053085726492073,NA
lme.contrast,module_28,Treatment,33.04125352615459,3.96903082118377,(None + None),(CXCL10 + RV16),-0.119204214211074,3.667632777822879e-4,5.632436051656565e-4,0.030033582398717965,NA
lme.contrast,module_28,Treatment,32.28665522661638,1.07272723653728,(None + None),(IFNb + RV16),-0.0317071430604355,0.29134634308791957,0.3579397929365869,0.029557507239943884,NA
lme.contrast,module_28,Treatment,32.2963556600167,-1.00444015632503,(None + RV16),(CXCL10 + RV16),0.0296947676207363,0.322633177672103,0.9343293502360811,0.02956350105453886,NA
lme.contrast,module_28,Treatment,33.06566318693892,-3.89998145178622,(None + RV16),(IFNb + RV16),0.117191838771375,4.454492856651198e-4,0.0038308638567200303,0.030049332341747406,NA
lme.contrast,module_28,Treatment,32.51865222940975,-2.94585823892601,(CXCL10 + RV16),(IFNb + RV16),0.0874970711506384,0.005911423471614763,0.028243467697714977,0.02970172494876657,NA
lme.contrast,module_29,Treatment,33.998708917306544,4.33430601840109,(None + None),(None + RV16),-0.215935345143664,1.230171919222891e-4,2.1158957010633726e-4,0.049820050597932215,NA
lme.contrast,module_29,Treatment,33.208933348430705,3.98877713694142,(None + None),(CXCL10 + RV16),-0.196225869696987,3.445490128562573e-4,5.487262056599653e-4,0.04919449318932177,NA
lme.contrast,module_29,Treatment,32.42774925921171,2.67365724511603,(None + None),(IFNb + RV16),-0.129934033449079,0.011653349386448597,0.01789621512918892,0.04859786484839427,NA
lme.contrast,module_29,Treatment,32.437727840127465,-0.405500020880463,(None + RV16),(CXCL10 + RV16),0.0197094754466772,0.6877722768809107,0.9343293502360811,0.04860536234716341,NA
lme.contrast,module_29,Treatment,33.23437005014465,-1.74748731087517,(None + RV16),(IFNb + RV16),0.0860013116945852,0.08978828959327002,0.13788915901823612,0.04921426963124241,NA
lme.contrast,module_29,Treatment,32.666852941476755,-1.35904183101248,(CXCL10 + RV16),(IFNb + RV16),0.066291836247908,0.18344299472669298,0.2686922160823779,0.04877836335510061,NA
lme.contrast,module_30,Treatment,33.97516282882988,-10.269816504992,(None + None),(None + RV16),0.54103149120348,5.922984654330512e-12,8.489611337873735e-11,0.05268170964305868,NA
lme.contrast,module_30,Treatment,33.264965616712615,-9.87780655701639,(None + None),(CXCL10 + RV16),0.515708912572131,2.0196282432107408e-11,2.8948004819353953e-10,0.05220884916052675,NA
lme.contrast,module_30,Treatment,32.5712904617782,-7.46989896393168,(None + None),(IFNb + RV16),0.386638026048319,1.4982167957565977e-8,1.6105830554383425e-7,0.05175947197079856,NA
lme.contrast,module_30,Treatment,32.58009899601507,0.489182367791014,(None + RV16),(CXCL10 + RV16),-0.025322578631349,0.6279898649812801,0.9343293502360811,0.051765109085385536,NA
lme.contrast,module_30,Treatment,33.28769604376559,2.95638287875555,(None + RV16),(IFNb + RV16),-0.154393465155161,0.0056852247330102254,0.01746176167995998,0.05222377191554787,NA
lme.contrast,module_30,Treatment,32.78272275587615,2.48714242256933,(CXCL10 + RV16),(IFNb + RV16),-0.129070886523812,0.018144654818206464,0.0458953033636987,0.05189525350561779,NA
lme.contrast,module_31,Treatment,34.01313288759435,6.9222462208624,(None + None),(None + RV16),-0.27411166330628,5.598927376367666e-8,1.85195290141392e-7,0.03959865837770365,NA
lme.contrast,module_31,Treatment,33.24173867641948,6.6864881222054,(None + None),(CXCL10 + RV16),-0.261819987781558,1.2525511079886488e-7,4.14305366488553e-7,0.039156577114385485,NA
lme.contrast,module_31,Treatment,32.48239699130852,4.46880185505236,(None + None),(IFNb + RV16),-0.173101408188584,8.990256259589356e-5,2.4161313697646395e-4,0.038735529970494995,NA
lme.contrast,module_31,Treatment,32.49207430935389,-0.317279715672438,(None + RV16),(CXCL10 + RV16),0.0122916755247218,0.7530612527901135,0.9343293502360811,0.0387408173846568,NA
lme.contrast,module_31,Treatment,33.26652444676785,-2.57872998430138,(None + RV16),(IFNb + RV16),0.101010255117696,0.014524210558513993,0.028388229728004623,0.03917054353601166,NA
lme.contrast,module_31,Treatment,32.714438599100106,-2.28286357192132,(CXCL10 + RV16),(IFNb + RV16),0.0887185795929742,0.029071878582973294,0.05952813233656436,0.03886284782156564,NA
lme.contrast,module_32,Treatment,33.46245663324726,-6.79164454663819,(None + None),(None + RV16),0.267800567048841,8.922852198651177e-8,2.557884296946671e-7,0.03943088676238226,NA
lme.contrast,module_32,Treatment,32.829121355488915,-7.99527876309942,(None + None),(CXCL10 + RV16),0.309286593167622,3.3050893995414347e-9,2.368647403004695e-8,0.038683653482486625,NA
lme.contrast,module_32,Treatment,32.18867753333626,-3.24785292750843,(None + None),(IFNb + RV16),0.123309036498958,0.0027193789740790827,0.004677331835416023,0.03796632398424321,NA
lme.contrast,module_32,Treatment,32.196951966336385,-1.09244567773827,(None + RV16),(CXCL10 + RV16),0.0414860261187808,0.28274436975947287,0.9343293502360811,0.03797536753010069,NA
lme.contrast,module_32,Treatment,32.84973349737294,3.73292216272053,(None + RV16),(IFNb + RV16),-0.144491530549883,7.166121426869712e-4,0.004223978453368546,0.038707351573754455,NA
lme.contrast,module_32,Treatment,32.38626647853167,4.87058372707773,(CXCL10 + RV16),(IFNb + RV16),-0.185977556668664,2.816111269062187e-5,0.0012109278456967404,0.03818383320971008,NA
lme.contrast,module_33,Treatment,32.906051757888974,-7.08476658549836,(None + None),(None + RV16),0.425416293804839,4.189748983696914e-8,1.6378109663542483e-7,0.06004662096781184,NA
lme.contrast,module_33,Treatment,32.503906703402635,-7.13465808106869,(None + None),(CXCL10 + RV16),0.4191879204859,3.897063959322895e-8,1.3964479187573705e-7,0.05875375045626723,NA
lme.contrast,module_33,Treatment,32.0928472658853,-3.52009587820359,(None + None),(IFNb + RV16),0.202438289260136,0.0013155211034733406,0.0024594524977979847,0.05750931118485523,NA
lme.contrast,module_33,Treatment,32.09818923377213,0.108272421118554,(None + RV16),(CXCL10 + RV16),-0.00622837331893861,0.9144535993023102,0.9343293502360811,0.05752502118816371,NA
lme.contrast,module_33,Treatment,32.51705904506561,3.79247793977579,(None + RV16),(IFNb + RV16),-0.222978004544702,6.13913413168989e-4,0.004223978453368546,0.058794805951563396,NA
lme.contrast,module_33,Treatment,32.220180692561684,3.74435724652887,(CXCL10 + RV16),(IFNb + RV16),-0.216749631225764,7.087711340777688e-4,0.005079526460890676,0.05788700622161443,NA
lme.contrast,module_34,Treatment,33.57317662493122,6.79049246850044,(None + None),(None + RV16),-0.525118735167301,8.803857358176394e-8,2.557884296946671e-7,0.07733146566367731,NA
lme.contrast,module_34,Treatment,32.89723525401781,5.60799918642715,(None + None),(CXCL10 + RV16),-0.425773926889795,3.0953185192050753e-6,6.6549348162909114e-6,0.07592260853394571,NA
lme.contrast,module_34,Treatment,32.21554178628088,5.72924155620281,(None + None),(IFNb + RV16),-0.427236124202711,2.326054672601931e-6,9.092759174716639e-6,0.07457114873087527,NA
lme.contrast,module_34,Treatment,32.224336399660906,-1.33191086879912,(None + RV16),(CXCL10 + RV16),0.0993448082775065,0.19223387074952017,0.9343293502360811,0.0745881804891927,NA
lme.contrast,module_34,Treatment,32.91920694280229,-1.28848392999989,(None + RV16),(IFNb + RV16),0.0978826109645905,0.20656014396919029,0.269154126990157,0.07596727338663743,NA
lme.contrast,module_34,Treatment,32.425645879378976,0.0195009483430281,(CXCL10 + RV16),(IFNb + RV16),-0.00146219731291602,0.9845609859617925,0.9845609859617925,0.07498083104449557,NA
lme.contrast,module_35,Treatment,34.00953205015928,-2.65212066415184,(None + None),(None + RV16),0.0973330627196929,0.0120635789017454,0.015256879199266242,0.03670008836148506,NA
lme.contrast,module_35,Treatment,33.22661265997171,-2.16502636142103,(None + None),(CXCL10 + RV16),0.0785124485400165,0.03766481271340039,0.04498852629656158,0.03626396885462594,NA
lme.contrast,module_35,Treatment,32.45399938774343,-2.78440038513182,(None + None),(IFNb + RV16),0.0998160190456734,0.008875251657250073,0.014134660046731596,0.035848299540063466,NA
lme.contrast,module_35,Treatment,32.46385752067974,0.524930704372507,(None + RV16),(CXCL10 + RV16),-0.0188206141796764,0.6031981005885658,0.9343293502360811,0.035853521279869155,NA
lme.contrast,module_35,Treatment,33.251799872267725,-0.0684429492453401,(None + RV16),(IFNb + RV16),0.00248295632598051,0.9458429584209964,0.9458429584209964,0.036277751811660354,NA
lme.contrast,module_35,Treatment,32.69029436420847,-0.592193168295851,(CXCL10 + RV16),(IFNb + RV16),0.0213035705056569,0.5577953203870182,0.6662555215733829,0.035974022744912716,NA
lme.contrast,module_36,Treatment,34.002588153677266,7.94845834610082,(None + None),(None + RV16),-0.496379087199462,2.927398631577322e-9,1.3986460128647205e-8,0.06244973120390876,NA
lme.contrast,module_36,Treatment,33.2143988666062,7.83875196291527,(None + None),(CXCL10 + RV16),-0.483476458245345,4.696245015642669e-9,2.524231695907935e-8,0.06167773397253121,NA
lme.contrast,module_36,Treatment,32.43530306869099,5.2422017015994,(None + None),(IFNb + RV16),-0.319468065795738,9.464415723968365e-6,3.0420155822239982e-5,0.060941582178775835,NA
lme.contrast,module_36,Treatment,32.44525177354106,-0.211689135493109,(None + RV16),(CXCL10 + RV16),0.0129026289541166,0.8336737269265455,0.9343293502360811,0.060950832096608246,NA
lme.contrast,module_36,Treatment,33.23977618237125,-2.8671781590196,(None + RV16),(IFNb + RV16),0.176911021403723,0.007137019697513064,0.01970396786964615,0.061702137639125895,NA
lme.contrast,module_36,Treatment,32.67371351196475,-2.68144093337745,(CXCL10 + RV16),(IFNb + RV16),0.164008392449607,0.011400922725577708,0.037710744399987804,0.06116427567286639,NA
lme.contrast,module_37,Treatment,33.66313438609449,1.70295176483803,(None + None),(None + RV16),-0.0602649332599731,0.09779473904091594,0.11365334537187527,0.03538851452184547,NA
lme.contrast,module_37,Treatment,32.95413945337252,2.70946154672084,(None + None),(CXCL10 + RV16),-0.0942030780472949,0.010609470435776272,0.013824461476920596,0.034768191547617726,NA
lme.contrast,module_37,Treatment,32.2408639547279,-0.158642593236121,(None + None),(IFNb + RV16),0.00542138230306146,0.8749400293269414,0.917620030757524,0.034173560785106104,NA
lme.contrast,module_37,Treatment,32.25005394600039,0.992893513731617,(None + RV16),(CXCL10 + RV16),-0.0339381447873218,0.32815352452336144,0.9343293502360811,0.034181051963740966,NA
lme.contrast,module_37,Treatment,32.97715949237189,-1.8881969989593,(None + RV16),(IFNb + RV16),0.0656863155630346,0.06782380567743984,0.1121701401588428,0.03478785084354986,NA
lme.contrast,module_37,Treatment,32.460501849913044,-2.89995690066783,(CXCL10 + RV16),(IFNb + RV16),0.0996244603503564,0.00664642040373116,0.028579607736043986,0.03435377275000663,NA
lme.contrast,module_38,Treatment,33.271400655654354,5.57414643742719,(None + None),(None + RV16),-0.314553405181175,3.299482405404561e-6,6.4489883378361875e-6,0.05643077531460771,NA
lme.contrast,module_38,Treatment,32.71496120414231,5.81591894363141,(None + None),(CXCL10 + RV16),-0.321632225067476,1.710738371237038e-6,3.871671050694349e-6,0.05530204739522241,NA
lme.contrast,module_38,Treatment,32.14997762297325,4.32281265148995,(None + None),(IFNb + RV16),-0.234371304418186,1.392136489324081e-4,3.325659391163082e-4,0.05421731712971762,NA
lme.contrast,module_38,Treatment,32.15729330748809,0.130530875006068,(None + RV16),(CXCL10 + RV16),-0.00707881988630121,0.8969595873161786,0.9343293502360811,0.0542310000294729,NA
lme.contrast,module_38,Treatment,32.733104444099865,-1.44895549291049,(None + RV16),(IFNb + RV16),0.0801821007629884,0.1568631063032831,0.21078479909503667,0.05533786314024589,NA
lme.contrast,module_38,Treatment,32.32455299790866,-1.5997571206365,(CXCL10 + RV16),(IFNb + RV16),0.0872609206492896,0.11938240665122082,0.183337267357232,0.054546355520874716,NA
lme.contrast,module_39,Treatment,34.00125015930536,8.10291662400734,(None + None),(None + RV16),-0.569088450255992,1.89645896039578e-9,1.1857940938055909e-8,0.0702325442384407,NA
lme.contrast,module_39,Treatment,33.21244728206173,7.65058743151128,(None + None),(CXCL10 + RV16),-0.530639967198252,7.960260470009624e-9,3.4229120021041384e-8,0.06935937559678734,NA
lme.contrast,module_39,Treatment,32.432556083828075,5.91730533547218,(None + None),(IFNb + RV16),-0.405493352774934,1.3120626591499793e-6,5.641869434344911e-6,0.06852669074623263,NA
lme.contrast,module_39,Treatment,32.4425161090231,-0.560987447220908,(None + RV16),(CXCL10 + RV16),0.0384484830577404,0.5786605294803238,0.9343293502360811,0.068537153991968,NA
lme.contrast,module_39,Treatment,33.23784737359593,-2.35772044469873,(None + RV16),(IFNb + RV16),0.163595097481058,0.02442277087047245,0.042007165897212616,0.06938697836246736,NA
lme.contrast,module_39,Treatment,32.671229579222874,-1.81955764845549,(CXCL10 + RV16),(IFNb + RV16),0.125146614423318,0.0780007429375088,0.13082626176836212,0.06877859271430449,NA
lme.contrast,module_40,Treatment,33.66780304540133,2.10353913112352,(None + None),(None + RV16),-0.0630443482720934,0.04296787958690895,0.051322745062141246,0.029970608741859115,NA
lme.contrast,module_40,Treatment,32.95714157573436,1.10510187472907,(None + None),(CXCL10 + RV16),-0.032541289082861,0.27711808470605925,0.29706171061136144,0.02944641559932098,NA
lme.contrast,module_40,Treatment,32.24228670769068,-0.579876797930267,(None + None),(IFNb + RV16),0.0167839268454873,0.5660281929460744,0.6405055867547684,0.02894395310416552,NA
lme.contrast,module_40,Treatment,32.25149638184739,-1.05363595823169,(None + RV16),(CXCL10 + RV16),0.0305030591892324,0.2998796603792329,0.9343293502360811,0.028950283018458634,NA
lme.contrast,module_40,Treatment,32.980214272801476,-2.70943892959201,(None + RV16),(IFNb + RV16),0.0798282751175807,0.010606709095389348,0.022804424555087098,0.029463028026101852,NA
lme.contrast,module_40,Treatment,32.462399880173194,-1.69524422996316,(CXCL10 + RV16),(IFNb + RV16),0.0493252159283483,0.0996020670198263,0.15862551414268633,0.029096229945239308,NA
lme.contrast,module_41,Treatment,33.58752577514461,6.24735688451834,(None + None),(None + RV16),-0.303568155560901,4.3342633998651973e-7,9.809122431273868e-7,0.048591454141699124,NA
lme.contrast,module_41,Treatment,32.90620408658303,5.53717509751922,(None + None),(CXCL10 + RV16),-0.264185401366801,3.8111048272831462e-6,7.803690836817871e-6,0.04771122399310835,NA
lme.contrast,module_41,Treatment,32.21934048758577,6.19087600917018,(None + None),(IFNb + RV16),-0.290147441129024,6.079048703834061e-7,3.734272775212352e-6,0.04686694430630588,NA
lme.contrast,module_41,Treatment,32.22820002951635,-0.840119115142834,(None + RV16),(CXCL10 + RV16),0.0393827541941003,0.4070311787754186,0.9343293502360811,0.04687758376668355,NA
lme.contrast,module_41,Treatment,32.92834686988775,-0.281126088409326,(None + RV16),(IFNb + RV16),0.0134207144318772,0.7803727145997172,0.8184396762875084,0.047739128402542116,NA
lme.contrast,module_41,Treatment,32.43100870516734,0.550943515489956,(CXCL10 + RV16),(IFNb + RV16),-0.0259620397622231,0.5854481983930188,0.680385744078373,0.04712287018957821,NA
lme.contrast,module_42,Treatment,32.285413589071055,3.45712435922513,(None + None),(None + RV16),-0.161356828395671,0.001551743050774834,0.002152417780107028,0.04667371249318815,NA
lme.contrast,module_42,Treatment,32.1568812173227,4.81533331126547,(None + None),(CXCL10 + RV16),-0.219519114018802,3.360111013242725e-5,6.02019889872655e-5,0.045587522156615205,NA
lme.contrast,module_42,Treatment,32.024191228601495,6.07004672514316,(None + None),(IFNb + RV16),-0.270360663481793,8.837261088692225e-7,4.222246964597397e-6,0.04454012888597942,NA
lme.contrast,module_42,Treatment,32.02592468427465,1.30545218361688,(None + RV16),(CXCL10 + RV16),-0.0581622856231309,0.20103991607752233,0.9343293502360811,0.044553363465206976,NA
lme.contrast,module_42,Treatment,32.16110422695343,2.38927992427955,(None + RV16),(IFNb + RV16),-0.109003835086123,0.022913795599393005,0.0410538837822458,0.045622044524143,NA
lme.contrast,module_42,Treatment,32.06544415755289,1.13338303861052,(CXCL10 + RV16),(IFNb + RV16),-0.0508415494629918,0.26545668391570354,0.3682141099475888,0.044858223328735555,NA
