variable,estimate,Std. Error,df,t value,pval,gene,FDR
median_cv_coverage,5.588890093503158,0.3029687678151886,28.999999999149683,18.447083287846983,1.4502027774626076e-17,module_03,6.235871943089213e-16
median_cv_coverage,6.78945928891413,0.3416488153338634,25.72521046452944,19.872626463754564,3.9419198472802515e-17,module_12,8.475127671652541e-16
median_cv_coverage,-3.9529964014746644,0.20124439247200743,25.319546874028656,-19.642765460033953,7.644828506306599e-17,module_25,1.0957587525706126e-15
median_cv_coverage,-3.67290705912302,0.23914417824230352,28.041866569042515,-15.358546823588531,3.5075125022889225e-15,module_08,3.7705759399605914e-14
median_cv_coverage,5.520080392254049,0.3831870311409808,28.958650264741795,14.405707771000008,9.73354710116588e-15,module_17,8.370850507002657e-14
median_cv_coverage,6.082553876000121,0.2356806307155316,15.59064601726262,25.80845891973962,3.259459637786419e-14,module_13,2.335946073746934e-13
median_cv_coverage,-3.204922174236303,0.24951126292414033,28.905026260673576,-12.84479961616284,1.7947672169870714e-13,module_19,1.1024998618634869e-12
median_cv_coverage,4.3480540252505255,0.3828051273441963,26.891979261246103,11.358400697023596,9.091447097201917e-12,module_26,4.8866528147460306e-11
median_cv_coverage,5.289374596635959,0.3883854775649926,19.801170193966797,13.618878413781145,1.6313776803697554e-11,module_07,7.794360028433276e-11
median_cv_coverage,-2.429500065501894,0.28440722554256703,28.999934339392787,-8.5423289118872,2.0705877484640084e-9,module_23,8.903527318395236e-9
median_cv_coverage,-4.143781712783462,0.44643831206190326,21.910299516389493,-9.281868515372588,4.776431047711551e-9,module_31,1.867150318650879e-8
median_cv_coverage,-5.170880336499373,0.6350643596003757,28.949644980163338,-8.142293388583846,5.6707537480756e-9,module_37,2.0320200930604232e-8
median_cv_coverage,-3.5514827006814054,0.46392175182156475,28.974775225726308,-7.655348529653314,1.9420815607869498e-08,module_10,6.116727425594377e-8
median_cv_coverage,-4.368578879383146,0.5404438200612615,24.91876371864359,-8.08331729815682,1.991492650193518e-8,module_35,6.116727425594377e-8
median_cv_coverage,-3.3360838429712802,0.41185404387954927,22.27158246450553,-8.100160463513502,4.385837180878571e-8,module_05,1.2572733251851904e-7
median_cv_coverage,3.6191660880603895,0.41686382107280234,18.621397916124586,8.681890596181834,5.7230272267164956e-8,module_30,1.538063567180058e-7
median_cv_coverage,-3.6031603630702738,0.49404800962318635,24.851651231829184,-7.293138101737173,1.2606644382701852e-7,module_28,3.188739461506939e-7
median_cv_coverage,2.837461654281914,0.4172762688729978,28.937913533693823,6.799959321783343,1.8427664702952687e-7,module_20,4.402164345705364e-7
log10viral_load,-0.4739342002855569,0.060718359440127205,22.925354181930523,-7.805451343804687,6.674242709917321e-8,module_17,1.4349621826322242e-6
log10viral_load,0.6252210251408874,0.08555733740025362,28.84257804764715,7.307626021786812,4.919501022623804e-8,module_30,1.4349621826322242e-6
log10viral_load,0.8384724655270375,0.11259151940020695,22.71985078286165,7.447030380207271,1.5485845127359277e-7,module_02,1.7023279531473876e-6
log10viral_load,1.6643605724887,0.23825648209084704,27.205367069566414,6.985583594128954,1.5835608866487326e-7,module_09,1.7023279531473876e-6
log10viral_load,-0.5666210465830873,0.08249767672466246,25.852488430492812,-6.868327316346079,2.8102503973537487e-7,module_22,2.4168153417242237e-6
log10viral_load,0.2788320975129963,0.04041427622342093,24.211789353612154,6.899346556932949,3.7201201737446556e-07,module_19,2.6660861245170033e-6
log10viral_load,0.62667282674831,0.10104327813510852,27.86682972480574,6.202023908115528,1.0864714607386173e-6,module_15,6.6740389731086495e-6
log10viral_load,-0.5440940032255561,0.09160320449942218,27.1973302028637,-5.939683073303273,2.4108824368268108e-6,module_01,1.2958493097944108e-5
log10viral_load,0.2786670875966936,0.04542622256764402,22.552861786892528,6.134498354595333,3.202142518722537e-6,module_23,1.3769212830506909e-5
log10viral_load,-0.796907161516054,0.13661206332312217,27.383380657560625,-5.833358651725847,3.1166724258671326e-6,module_39,1.3769212830506909e-5
log10viral_load,-0.556683977687317,0.1045922855084196,27.347975269732537,-5.322419096028878,1.2335166645975486e-5,module_29,4.8219287797904174e-5
log10viral_load,0.49107132092484285,0.0961617642285931,28.962578885731098,5.106721209455784,1.8919581442475045e-5,module_27,6.779516683553558e-5
median_cv_coverage,-2.8581782275848853,0.5605395832466543,23.27023298443689,-5.098976616477771,3.5310194122901394e-5,module_40,7.991254459393473e-5
log10viral_load,-0.638976355957918,0.13136883930561694,27.58614207701074,-4.863987223571346,4.1685307005956374e-5,module_36,1.3788216932739415e-4
median_cv_coverage,1.9502311955803595,0.431375394902805,28.99791936882255,4.520960672825983,9.583267417248158e-5,module_24,2.060402494708354e-4
median_cv_coverage,2.070104785845733,0.4824157495772284,27.07861176688947,4.291121895709039,2.0305661076850027e-4,module_22,4.1578258395454814e-4
log10viral_load,0.6406525534881761,0.1357605569865454,18.71078891505842,4.718988841152649,1.5523999472726052e-4,module_33,4.7680855523372874e-4
median_cv_coverage,1.9553858579279182,0.41333165245795095,14.80969624477047,4.730791475319794,2.771703104464086e-4,module_27,5.417419704179804e-4
median_cv_coverage,-2.235570356437209,0.54013899088858075,22.27838482705249,-4.138879796030796,4.2057519033557094e-4,module_15,7.86292747149111e-4
log10viral_load,-0.35133601383816526,0.08469026736594568,28.136568377166057,-4.148481576047533,2.797245175796469e-4,module_31,8.018769503949878e-4
log10viral_load,-0.26326840201334506,0.06740868043723303,24.131886720640164,-3.905556380954305,6.635006277089881e-4,module_20,0.0017831579369679057
log10viral_load,-0.24294118398852227,0.06587806380049967,26.188015686248708,-3.687740197165291,0.0010409357581661037,module_26,0.0026329551530083796
log10viral_load,-0.7464467607808354,0.20799111141486848,21.711792109079404,-3.588839713885364,0.0016606867023168299,module_16,0.0038396318227031058
log10viral_load,-0.1244979369902465,0.03570913730078235,26.91556119585552,-3.4864448261963155,0.0016965815030548607,module_25,0.0038396318227031058
log10viral_load,0.3242860656793882,0.09124486685374736,20.21362480878949,3.5540198244704877,0.0019644165238671676,module_06,0.00422349552631441
median_cv_coverage,-1.6296895277837466,0.5095376246970235,27.255042931736376,-3.1983693623268303,0.0034889368269425494,module_14,0.0062510118149387344
median_cv_coverage,-1.8583006444809878,0.5784407062203824,24.39446543426532,-3.21260351233474,0.0036755022601339432,module_29,0.006321863887430382
log10viral_load,0.3794250362937418,0.11952310954924153,26.730356540613553,3.174491006171698,0.0037582146837481156,module_32,0.007695391971484236
median_cv_coverage,-2.144731823614021,0.7198030582244324,28.736176587582815,-2.9796092126984273,0.0058170494782761335,module_02,0.009584869489791033
median_cv_coverage,-2.570144379727709,0.8492654122494258,22.939326929453348,-3.026314674608305,0.006018406423822277,module_18,0.009584869489791033
median_cv_coverage,-2.0820977670558682,0.7065983466582154,21.87528970097435,-2.9466496446006936,0.007489245978586965,module_36,0.011501342038544268
TreatmentIFNb + RV16,-1.9515538995634687,0.5300266782422998,19.796018375393874,-3.681991831119344,0.0014982237480343917,module_01,0.012884724233095769
TreatmentIFNb + RV16,-1.2195701417160512,0.3262422951427175,18.424177480432128,-3.7382343119629526,0.0014552440632834601,module_17,0.012884724233095769
TreatmentIFNb + RV16,0.8528290318608204,0.21961523595812274,19.356926167288638,3.883287186975688,9.717681975491985e-4,module_19,0.012884724233095769
TreatmentIFNb + RV16,-1.7018581734060534,0.46147530817157595,19.73088586359493,-3.687863994606846,0.0014845164288521768,module_22,0.012884724233095769
TreatmentIFNb + RV16,2.1865312084690336,0.5319906127349117,22.031434257159987,4.110093592118648,4.5997455898608467e-4,module_30,0.012884724233095769
TreatmentIFNb + RV16,4.752771295061095,1.3718601354740556,20.41131797233715,3.464472195205776,0.002392932078151375,module_09,0.016123356661603524
TreatmentIFNb + RV16,0.8583644502606596,0.24507211898767156,17.540872434806687,3.5024973620268893,0.0026247324797959225,module_23,0.016123356661603524
median_cv_coverage,-1.3253416582960011,0.4688684452650895,18.746286644357912,-2.8266812827352408,0.010874846887114733,module_00,0.01612477297054943
log10viral_load,-0.19653597557034472,0.06905951757416932,23.8417211186926,-2.845892680314003,0.008957107563715646,module_24,0.017507073874535126
TreatmentIFNb + RV16,1.9792832528463804,0.6010122321078551,18.70347840854148,3.2932495332161333,0.0038846139671584665,module_02,0.01882933614269619
TreatmentIFNb + RV16,1.9303978325429465,0.5946985569680889,20.575462566727463,3.2460106215568474,0.003941023843820133,module_15,0.01882933614269619
log10viral_load,-0.4310671518912534,0.15657497896558675,20.837621227715854,-2.7531036870584322,0.011969801641943717,module_38,0.0223783248088513
log10viral_load,-0.1541556276864558,0.059645545244458725,26.143525175889717,-2.5845287699969073,0.015682524321998303,module_12,0.02697394183383708
log10viral_load,-0.22930764412655322,0.08854656471904374,27.165241189850857,-2.589684250926518,0.015257179817384598,module_28,0.02697394183383708
TreatmentIFNb + RV16:log10viral_load,0.4751627848222222,0.14394390225078516,19.872823197720997,3.3010275349793803,0.003590627539979863,module_01,0.027962452379877427
TreatmentIFNb + RV16:log10viral_load,-1.2616506622267896,0.37258570102171434,20.48292034656542,-3.3862025804185665,0.002860221245202813,module_09,0.027962452379877427
TreatmentIFNb + RV16:log10viral_load,-0.5044582972047988,0.16148025254855763,20.65683018373499,-3.1239627709469096,0.005202316721837661,module_15,0.027962452379877427
TreatmentIFNb + RV16:log10viral_load,0.29961916440904823,0.08866636121369283,18.470093460440246,3.379175149490377,0.0032481051260054047,module_17,0.027962452379877427
TreatmentIFNb + RV16:log10viral_load,-0.18909628086735086,0.05968009748092094,19.406362077103342,-3.168498190335611,0.004962799794164847,module_19,0.027962452379877427
TreatmentIFNb + RV16:log10viral_load,0.43131879110300797,0.1253684538303442,19.792332753581316,3.440409273027275,0.0026185546542313717,module_22,0.027962452379877427
TreatmentIFNb + RV16:log10viral_load,-0.21547683536127898,0.06660300179888662,17.59040058160458,-3.235242099326536,0.004698934564992014,module_23,0.027962452379877427
TreatmentIFNb + RV16:log10viral_load,-0.5662148460899724,0.14437000613636738,22.134831138280298,-3.921970090900624,7.227365982219556e-4,module_30,0.027962452379877427
TreatmentIFNb + RV16:log10viral_load,-0.5070261152951822,0.1633550133988336,18.745446687320975,-3.1038295351075065,0.005913529111205432,module_02,0.028253527975759286
log10viral_load,-0.18783562780899735,0.07303241157383983,20.774285018820702,-2.5719488616240622,0.017864777514408087,module_11,0.029545593581521066
TreatmentIFNb + RV16,-2.3649915108286534,0.7893094281755815,20.677685460804817,-2.996279312531615,0.006959205381517587,module_39,0.029924583140525624
log10viral_load,-0.1805366273367345,0.07616896432339242,28.473434640572254,-2.3702124472931754,0.02477730944436224,module_07,0.03946015948546579
log10viral_load,-0.46352195648614264,0.19649564911987302,25.95461469589103,-2.358942595229521,0.02613541902228055,module_34,0.04013653635564513
median_cv_coverage,-1.759566230113793,0.7540108647475754,24.279265527372438,-2.3336085889198075,0.028215194653082493,module_39,0.040441779002751574
median_cv_coverage,-3.038491645265973,1.3059430009872037,20.882123477654087,-2.3266648260828235,0.030131332764791366,module_04,0.041795074480194476
median_cv_coverage,-2.12676436236732,0.9370643681502906,22.599177903978,-2.269603278764538,0.03310021023643372,module_33,0.04447840750520781
log10viral_load,-0.17469662156373036,0.07672581967145926,27.74622095152718,-2.276894822522367,0.03070733366011124,module_05,0.045531563702923564
TreatmentIFNb + RV16:log10viral_load,0.5921259679544609,0.21436259265639748,20.74953166926015,2.762263511636014,0.011757297754615256,module_39,0.050556380344845595
median_cv_coverage,-1.9285978902856085,0.9179998176026685,28.977747114432304,-2.100869578952738,0.044466638571948124,module_41,0.057941377533144524
median_cv_coverage,-0.9240737522650395,0.44459652434579766,27.27384286752147,-2.078454737415614,0.04720033233553825,module_21,0.05969453795376896
log10viral_load,-0.17515558962367486,0.08665009330327997,25.531489109649062,-2.0214125911050194,0.05383730882869861,module_14,0.07716680932113468
TreatmentIFNb + RV16,-1.5228266192800253,0.6036148706974855,20.67418958065559,-2.5228447694146063,0.019915998362252118,module_29,0.07785344814334919
log10viral_load,-0.20496664375344648,0.10282759329248634,27.505693305428878,-1.9933039098798346,0.05623251090217491,module_40,0.07799993447721036
median_cv_coverage,-1.295457123742981,0.6695961392651886,24.412031988094263,-1.934684278742421,0.0646986593019195,module_32,0.07948692428521538
TreatmentIFNb + RV16,0.5411711108712012,0.21981245348598386,18.462002981066785,2.4619674740389925,0.023858561585288866,module_08,0.08157223412458466
TreatmentIFNb + RV16,-0.8978212639907199,0.3697869902312023,20.16699927900883,-2.4279417278292406,0.02466137310743257,module_26,0.08157223412458466
TreatmentIFNb + RV16,-1.1970449489637691,0.5025482394483693,21.091703711155503,-2.3819503382953364,0.026711483673437533,module_31,0.08204241413984385
TreatmentIFNb + RV16,1.4341209445315977,0.6426036627717683,23.72288192668985,2.231734780884606,0.035346720041286216,module_27,0.09941612558184197
TreatmentIFNb + RV16,1.580266652005761,0.6982404429737353,17.009968587664368,2.2632127197839838,0.03699204672812725,module_33,0.09941612558184197
log10viral_load,0.07333996723877365,0.03984997271322126,24.508793250664752,1.8404019437243233,0.07784967941882528,module_08,0.10461050671904648
TreatmentIFNb + RV16:log10viral_load,-0.1325339977934352,0.05972455386120455,18.5207607491423,-2.219087280273946,0.03918820169655137,module_08,0.12026825971552639
TreatmentIFNb + RV16:log10viral_load,0.21646273939916036,0.10045615186046467,20.228345240097266,2.1547982417227254,0.0434012703739495,module_26,0.12026825971552639
TreatmentIFNb + RV16:log10viral_load,-0.37222040696547204,0.1742191334490689,23.877441798401552,-2.1365070506121344,0.04309239242225756,module_27,0.12026825971552639
TreatmentIFNb + RV16:log10viral_load,0.3693767337386417,0.16393305185623316,20.745528603769877,2.2532169660489183,0.03520068406171876,module_29,0.12026825971552639
TreatmentIFNb + RV16:log10viral_load,0.3133169287339195,0.13644725669590882,21.174141001456036,2.296249381049768,0.031963254633738794,module_31,0.12026825971552639
TreatmentIFNb + RV16:log10viral_load,-0.4113277165015153,0.18986283717076216,17.03017157257909,-2.1664466971573177,0.044750980359265634,module_33,0.12026825971552639
median_cv_coverage,1.9034674804668248,1.1338111145073928,26.164186530439324,1.6788223859437335,0.10509231202992945,module_34,0.1255269282579713
TreatmentIFNb + RV16,0.7137526028855677,0.3526781511111453,23.436694362794423,2.023807260633594,0.05453561709732987,module_13,0.13546328610511735
TreatmentIFNb + RV16,-1.5598412211136237,0.7704051450510949,19.646461037576398,-2.024702497294682,0.05670556162539796,module_36,0.13546328610511735
TreatmentIFNb + RV16,-0.7156992999377237,0.3658009435880263,19.350215208679007,-1.9565266642498367,0.0649917751546554,module_20,0.1453459032380934
TreatmentIFNb + RV16,1.0596598410768117,0.5478789527069193,19.6892516357847,1.9341130661094454,0.067602745692136465,module_35,0.1453459032380934
TreatmentIFNb + RV16:log10viral_load,-0.18901587055088973,0.09563664899126861,23.57753253494569,-1.9763957912007812,0.05992194059671939,module_13,0.15156726150934904
TreatmentIFNb + RV16:log10viral_load,0.18799571276152932,0.0994072589519276,19.39901549466526,1.8911668498217242,0.07363108259405632,module_20,0.16450790324164263
TreatmentIFNb + RV16:log10viral_load,-0.27813197449971444,0.14881126294840277,19.760267268581927,-1.8690250253178144,0.07651530383332215,module_35,0.16450790324164263
TreatmentIFNb + RV16:log10viral_load,0.3922194901975965,0.20919784348301876,19.730821206934447,1.8748734865875143,0.07569128202714853,module_36,0.16450790324164263
log10viral_load,0.15059807277716122,0.09593467348344198,26.695933127661863,1.5697981481445702,0.1282404272502851,module_35,0.1671011627806745
median_cv_coverage,0.9307368562550268,0.619452761552274,24.91157274217665,1.502514661364512,0.1455357807653436,module_06,0.1691361776462101
log10viral_load,-0.111535880316828,0.0746437869890569,24.0302041291601,-1.4942419833706944,0.14812877432406815,module_10,0.1873393322333803
log10viral_load,0.22459936429154292,0.1558282054504821,27.411348745520012,1.4413267716345126,0.16081972458169208,module_18,0.19757851877179314
TreatmentIFNb + RV16:log10viral_load,-0.22732417067479954,0.13128180437860176,19.399630127652763,-1.7315740879004262,0.099222202098207965,module_14,0.20316927096299725
log10viral_load,0.07284260560027832,0.05349473585478802,28.98958740133669,1.3616780125433328,0.18378889340297358,module_13,0.219525622675774
median_cv_coverage,-1.5184117487366473,1.173173649152271,21.065659821805294,-1.2942770661733183,0.2095791481171573,module_42,0.23715535181678327
TreatmentIFNb + RV16,-1.8211573318084262,1.1072491628047791,19.205627788429165,-1.6447583732601272,0.1162885203790768,module_34,0.23811458934763344
TreatmentIFNb + RV16:log10viral_load,0.4775193357087269,0.3007832674894358,19.272215334078314,1.587586103756581,0.12865139660222605,module_34,0.25145500244980545
log10viral_load,-0.18686146660125014,0.14748885313594431,22.432624298436124,-1.2669531468185942,0.2181683809024454,module_41,0.2535470372650041
TreatmentIFNb + RV16,0.7329142128400954,0.4832274349498605,19.338233212733048,1.5167065440234004,0.14551817172690273,module_14,0.2648372059856383
TreatmentIFNb + RV16,-1.229658221546406,0.8250008082186563,17.42417421740702,-1.490493353820449,0.15397511975909203,module_38,0.2648372059856383
TreatmentIFNb + RV16,-1.1994682452006291,0.7981031736281811,17.09340772378948,-1.5028987289297955,0.15111496826561394,module_41,0.2648372059856383
TreatmentIFNb + RV16,-1.2946756196116063,0.8492530123475394,17.81846518659935,-1.5244875211367361,0.14493937447897842,module_42,0.2648372059856383
median_cv_coverage,-0.5506206149448116,0.49400630769492715,25.476754698771966,-1.1146023975160386,0.27542547781520266,module_11,0.30367424477060806
TreatmentIFNb + RV16,-0.27934093629926554,0.2038885405839973,20.38468136593225,-1.370066878202915,0.18556828387033295,module_25,0.3069013925547814
median_cv_coverage,-1.4756123044379466,1.3587288874818624,27.854773697326046,-1.0860240906283407,0.286777892593343,module_16,0.3082862345378437
TreatmentIFNb + RV16:log10viral_load,0.0783040587883636,0.0553789783150404,20.452597173408627,1.413967197858126,0.17241350308357076,module_25,0.3089075263580643
TreatmentIFNb + RV16:log10viral_load,0.3142730371846532,0.21689280441456693,17.14515575350983,1.4489786234860729,0.16538724959157744,module_41,0.3089075263580643
log10viral_load,-0.18718311324056028,0.1666432760866148,18.81194710702417,-1.1232563211447526,0.275459667571368,module_42,0.31170436067286383
TreatmentIFNb + RV16:log10viral_load,0.3042938332298978,0.22426726526588153,17.460585815631504,1.3568357061345544,0.19211717469100548,module_38,0.33042881449918743
TreatmentIFNb + RV16:log10viral_load,0.3075151016313316,0.23095212392441475,17.83092894037577,1.3315101693196558,0.19979416690648544,module_42,0.33042881449918743
TreatmentIFNb + RV16:log10viral_load,0.14697484724550736,0.11454248913072942,19.46530204070136,1.283146964597236,0.2145082059360803,module_21,0.3416241798241279
TreatmentIFNb + RV16,-0.5523750431720084,0.4504842025199182,20.26765556348306,-1.2261807186181741,0.23418696913991713,module_05,0.3729644323339421
TreatmentIFNb + RV16,0.5992100873855764,0.5187742453105466,28.999999999501473,1.155049798254498,0.25749894455240546,module_03,0.39544480770547985
TreatmentIFNb + RV16:log10viral_load,-0.15755667588275274,0.14055878485606876,28.99999999913237,-1.1209308336301407,0.27151420895844397,module_03,0.4025900339728652
TreatmentIFNb + RV16:log10viral_load,0.14037638242648368,0.12232424164591711,20.349486075347997,1.1475761512000275,0.2644567203536501,module_05,0.4025900339728652
log10viral_load,0.22004381345692728,0.25116800301243036,28.26620718998079,0.8760821872921339,0.3883699914739185,module_04,0.42820281111226915
median_cv_coverage,-0.4243013787281456,0.5043145263043611,23.517672929638785,-0.8413427664625183,0.40862976079165525,module_01,0.4285629198546628
median_cv_coverage,1.0871448830663082,1.3229624492128427,24.46298631397864,0.8217503707026266,0.41915631320398106,module_09,0.4291362254231234
TreatmentIFNb + RV16,-0.4241573388544015,0.4216125840526135,19.40412754188091,-1.0060357657670636,0.3267798668247306,module_21,0.4845356646021868
log10viral_load,-0.057838861227180724,0.09423116011049036,28.691781375231503,-0.6137976138610838,0.5441853060549203,module_00,0.5849992040090394
TreatmentIFNb + RV16,0.38911310177085384,0.47297010952845503,18.029012434428267,0.8227012530639505,0.4214265422022244,module_06,0.5877888063659519
TreatmentIFNb + RV16,-0.48849238335428735,0.5983657305427408,20.314062814212356,-0.8163776072389807,0.4237547208684769,module_40,0.5877888063659519
log10viral_load,-0.059930314840379445,0.10229448174517211,22.21256738904639,-0.5858606820030926,0.5638751593317415,module_37,0.5913812646649972
TreatmentIFNb + RV16:log10viral_load,0.12857608186040084,0.16249424662375145,20.391162697702402,0.7912654418966187,0.43789670247143353,module_40,0.6276519402090547
TreatmentIFNb + RV16,0.4080332719030909,0.5542805616832156,16.664976516481616,0.7361493440505885,0.4718756387847819,module_37,0.6340828896170506
log10viral_load,0.03547045643213682,0.07514846546741759,28.999999999068287,0.4720050663910879,0.6404555734180749,module_03,0.6557045156423147
TreatmentIFNb + RV16:log10viral_load,-0.108312846177745,0.1506293895929986,16.71795036024417,-0.7190684797329849,0.48202973934020443,module_37,0.6686218965041546
TreatmentIFNb + RV16:log10viral_load,-0.08741925745169075,0.12859602884345156,18.054221815017268,-0.6797974885998385,0.5052564793424683,module_06,0.6789383941164417
log10viral_load,-0.030360481005217096,0.0756033119986734,25.5615839595107,-0.40157607124076555,0.6913337801893248,module_21,0.6913337801893248
TreatmentCXCL10 + RV16,0.465983722450454,0.1789947672712444,19.608657685835528,2.603337122946803,0.017176413016423087,module_19,0.7385857597061927
TreatmentIFNb + RV16:log10viral_load,0.06302178001032664,0.1098506783442976,19.418868387946798,0.5737040586385976,0.5727534391644156,module_10,0.7463150873960567
TreatmentCXCL10 + RV16:log10viral_load,-0.11367607580456449,0.043891803084834466,19.64113715745187,-2.5899158342811837,0.017664670874259346,module_19,0.7595808475931519
TreatmentIFNb + RV16:log10viral_load,-0.128968432085859,0.24628110576780474,19.97780279540054,-0.5236635254003252,0.6062736052523028,module_18,0.7667577948779123
TreatmentIFNb + RV16,-0.21168256873481894,0.40422209894635613,19.371110836527116,-0.5236788619093067,0.6064419689189962,module_10,0.7712548175927384
TreatmentIFNb + RV16,0.4702263077665918,0.9069020476187631,19.898586753685024,0.5184973493016768,0.6098293906547234,module_18,0.7712548175927384
TreatmentIFNb + RV16:log10viral_load,0.05643257780216048,0.12513001614954025,21.008761415488728,0.4509915329565617,0.6566161135093228,module_07,0.7842914689139133
TreatmentIFNb + RV16:log10viral_load,-0.04797268737188489,0.10137249512624497,19.350706337262377,-0.4732317904589579,0.6413424827700085,module_24,0.7842914689139133
TreatmentIFNb + RV16,-0.21674217775352347,0.4609582417220256,20.91391639207956,-0.4701991593508091,0.6430790150914094,module_07,0.7900685042551602
TreatmentIFNb + RV16,-0.1644401807254509,0.5786370368002118,21.204814838135494,-0.2841853705645665,0.77902489499622,module_00,0.9053532563469583
TreatmentIFNb + RV16,-0.10878933948929427,0.3792226434655404,18.525287161769,-0.2868745876963432,0.7773923161547734,module_11,0.9053532563469583
median_cv_coverage,0.09550425034722529,1.02753982373698,27.419912004323486,0.0929445731844176,0.9266233861786115,module_38,0.9266233861786115
TreatmentIFNb + RV16,0.15138159789047542,0.684738899944429,19.428428289845634,0.22107930176416296,0.827337566542957,module_32,0.9361977726670302
TreatmentIFNb + RV16:log10viral_load,0.03425910579379415,0.15705042082849352,21.30694726072271,0.21814080862098878,0.829395099306538,module_00,0.9385260334258193
TreatmentIFNb + RV16:log10viral_load,-0.021235013396450574,0.09167037357586054,19.29324380387686,-0.23164532409020713,0.8192526433792315,module_12,0.9385260334258193
TreatmentIFNb + RV16:log10viral_load,-0.046980757447022736,0.2985757480019354,18.332687912309556,-0.15734954282595717,0.8766894446866328,module_16,0.9428317437767266
TreatmentIFNb + RV16:log10viral_load,0.018339556900910953,0.13809344574945737,20.65112459528401,0.13280541159197642,0.8956328294945757,module_28,0.9428317437767266
TreatmentIFNb + RV16:log10viral_load,-0.02391970509458792,0.18597853498547645,19.501969899758475,-0.12861540766764226,0.8989791045312975,module_32,0.9428317437767266
TreatmentIFNb + RV16,0.0450247230927963,0.33747226583932854,19.224831924633992,0.13341755056764484,0.8952498595181164,module_12,0.9549435913161213
TreatmentIFNb + RV16,0.04247000885212793,0.3730144531209505,19.30403010637127,0.1138562018087727,0.9105276103246738,module_24,0.9549435913161213
TreatmentIFNb + RV16,-0.07810239234267584,0.5084462430685838,20.581603387905297,-0.15360993105448256,0.8794134708588349,module_28,0.9549435913161213
TreatmentIFNb + RV16:log10viral_load,-0.031221213800082366,0.4079216465971743,20.948126414337043,-0.07653728126596221,0.9397179454538224,module_04,0.9620921822503419
TreatmentIFNb + RV16:log10viral_load,0.004707816462922443,0.10310486651243773,18.55118293286608,0.04566046804739842,0.9640688118595303,module_11,0.9640688118595303
TreatmentIFNb + RV16,0.10860676438610646,1.5025371142275579,20.85975265077803,0.07228225070629309,0.943065875049427,module_04,0.9655198244553657
TreatmentIFNb + RV16,0.04572533187987369,1.0983834656391755,18.29602046505316,0.041629661507390794,0.9672448695828412,module_16,0.9672448695828412
TreatmentCXCL10 + RV16,-0.4085330465402681,0.4731831896729666,20.196411530762063,-0.8633718514442992,0.39807047955305996,module_00,0.9958070580340836
TreatmentCXCL10 + RV16,-0.20682793811514835,0.4317003378050893,19.56735304123505,-0.47910070945677646,0.6371776086036551,module_01,0.9958070580340836
TreatmentCXCL10 + RV16,0.23823742521079738,0.49042273607065945,19.01109094266256,0.4857797318280783,0.6326750517593753,module_02,0.9958070580340836
TreatmentCXCL10 + RV16,-0.3374859968663619,0.4356946834633841,28.999999999340616,-0.7745928735775458,0.4448501999168736,module_03,0.9958070580340836
TreatmentCXCL10 + RV16,-1.2744719843936878,1.2258495457288665,20.240749115579888,-1.039664279221078,0.31075656632616944,module_04,0.9958070580340836
TreatmentCXCL10 + RV16,0.03635721493504331,0.36712027145174925,19.876205486608043,0.09903352596486015,0.922103649022344,module_05,0.9958070580340836
TreatmentCXCL10 + RV16,-0.1997477395570787,0.38710802977095377,18.300121735854354,-0.5159999901713911,0.6120328600813774,module_06,0.9958070580340836
TreatmentCXCL10 + RV16,-0.3388070116553358,0.3764186059598706,20.126183431979964,-0.9000804059389548,0.37872154140512915,module_07,0.9958070580340836
TreatmentCXCL10 + RV16,0.19600312884369397,0.17904236026455853,18.64840410947506,1.0947304791674646,0.28757321368036415,module_08,0.9958070580340836
TreatmentCXCL10 + RV16,0.5095318224554182,1.1172201589087714,20.241989302445383,0.45607109609720614,0.6531941555163001,module_09,0.9958070580340836
TreatmentCXCL10 + RV16,0.030916592866372345,0.329519216283357,19.63523765855217,0.09382333818063844,0.9262002859191748,module_10,0.9958070580340836
TreatmentCXCL10 + RV16,0.005350146746089079,0.31031136530627124,18.798687817905666,0.017241220735852162,0.9864258534941553,module_11,0.9958070580340836
TreatmentCXCL10 + RV16,-0.19869011316684684,0.27477287902861397,19.216378271002434,-0.7231067122390776,0.47832423657705636,module_12,0.9958070580340836
TreatmentCXCL10 + RV16,0.047397115149993764,0.2918688559681026,21.134313456134944,0.16239182146646589,0.8725399421130117,module_13,0.9958070580340836
TreatmentCXCL10 + RV16,-0.47027547236986067,0.39349376049071955,19.44565266665207,-1.1951281559925828,0.24640975589330472,module_14,0.9958070580340836
TreatmentCXCL10 + RV16,0.14963370587509517,0.4847048162309573,20.16207106782169,0.30871099453609746,0.7607085759063371,module_15,0.9958070580340836
TreatmentCXCL10 + RV16,0.15729973212850717,0.8971186038360572,18.612467720606922,0.17533883642129075,0.8627068256273693,module_16,0.9958070580340836
TreatmentCXCL10 + RV16,-0.4479371232675851,0.2660828346027563,18.723685785415242,-1.6834499073806284,0.10888733330876744,module_17,0.9958070580340836
TreatmentCXCL10 + RV16,-0.8795700614225102,0.7388023828942996,19.60533729914256,-1.1905349546610087,0.2480524047026186,module_18,0.9958070580340836
TreatmentCXCL10 + RV16,-0.05451210382158572,0.2981637389433168,19.60726234148921,-0.18282606736410992,0.8568116810738665,module_20,0.9958070580340836
TreatmentCXCL10 + RV16,0.024076964176385593,0.34332071066859915,19.511335233866387,0.0701296584452973,0.9448042684699856,module_21,0.9958070580340836
TreatmentCXCL10 + RV16,-0.11780008281515625,0.37576327713680346,19.814063227526102,-0.3134954637205513,0.7571805708968216,module_22,0.9958070580340836
TreatmentCXCL10 + RV16,0.40146007692807173,0.19982673697829204,17.83902445749158,2.0090408470798575,0.05991237914824778,module_23,0.9958070580340836
TreatmentCXCL10 + RV16,0.10545249732753136,0.30412581380894554,19.577445226362816,0.3467397127748502,0.7324860630459382,module_24,0.9958070580340836
TreatmentCXCL10 + RV16,0.08721595268487475,0.1660183707432574,20.296764836247466,0.525339167553642,0.6050396034098653,module_25,0.9958070580340836
TreatmentCXCL10 + RV16,-0.11643967627541277,0.30109301623536394,20.22247700102743,-0.3867232715367667,0.703000448802372,module_26,0.9958070580340836
TreatmentCXCL10 + RV16,-0.3423110138492907,0.5336909607020895,21.045356279667562,-0.6414030573029911,0.528185138184937,module_27,0.9958070580340836
TreatmentCXCL10 + RV16,0.0759549745008557,0.41404575970334034,20.441353174140538,0.18344584558788063,0.8562556308843381,module_28,0.9958070580340836
TreatmentCXCL10 + RV16,-0.2764056480967721,0.49160171015112775,20.48476945797635,-0.5622552615038702,0.5800433621653023,module_29,0.9958070580340836
TreatmentCXCL10 + RV16,0.3928764968534842,0.43567264263728706,20.87353270598977,0.901769949279482,0.3774671838334982,module_30,0.9958070580340836
TreatmentCXCL10 + RV16,0.2640403169189675,0.4097856020827028,20.591565707823868,0.644337711176292,0.5264697039779574,module_31,0.9958070580340836
TreatmentCXCL10 + RV16,0.22514939607203147,0.5575835391519456,19.30178546755812,0.403794911905885,0.6908021936620186,module_32,0.9958070580340836
TreatmentCXCL10 + RV16,0.4865061683399656,0.5720855065509801,17.244315022882386,0.850408134394175,0.4067516037646999,module_33,0.9958070580340836
TreatmentCXCL10 + RV16,-0.9545920119191461,0.9015370214417185,19.232434156204974,-1.0588494861726068,0.30278651348753927,module_34,0.9958070580340836
TreatmentCXCL10 + RV16,-0.0023744799007484356,0.44611741185064596,19.5953810339975,-0.005322544777838394,0.9958070580340836,module_35,0.9958070580340836
TreatmentCXCL10 + RV16,0.05797446060210755,0.6278039141065925,19.255591553864946,0.09234485370262327,0.9273780497091744,module_36,0.9958070580340836
TreatmentCXCL10 + RV16,0.5623458106134641,0.45183094509957633,16.954978002871833,1.2445933965180984,0.2302111794373684,module_37,0.9958070580340836
TreatmentCXCL10 + RV16,0.12049014226641339,0.6739783290077571,17.748478131178807,0.1787745051740775,0.8601396469702658,module_38,0.9958070580340836
TreatmentCXCL10 + RV16,0.010416493457566048,0.642856568114843,20.47654046761172,0.016203448753914256,0.9872289281180389,module_39,0.9958070580340836
TreatmentCXCL10 + RV16,0.015789349518854155,0.48745275366981033,20.029662445935042,0.0323915485141551,0.9744804127093474,module_40,0.9958070580340836
TreatmentCXCL10 + RV16,-0.16584217715468966,0.6506369688075309,17.385303666066267,-0.2548920290506095,0.8017972609422068,module_41,0.9958070580340836
TreatmentCXCL10 + RV16,0.6784790062953767,0.6967753457262824,17.974463058195788,0.973741408126554,0.34310812202357954,module_42,0.9958070580340836
TreatmentCXCL10 + RV16:log10viral_load,0.0958667377978311,0.11596222588736445,20.228665239981027,0.8267066026392738,0.41804862465021053,module_00,0.997108563679602
TreatmentCXCL10 + RV16:log10viral_load,0.04951693616841953,0.10582117594710691,19.60340269651653,0.46793031475259556,0.6449948184534344,module_01,0.997108563679602
TreatmentCXCL10 + RV16:log10viral_load,-0.0580577518841707,0.12027334303133244,19.040863575685936,-0.48271504242670016,0.6348012605204307,module_02,0.997108563679602
TreatmentCXCL10 + RV16:log10viral_load,0.07733576546716232,0.10673779689075082,28.999999999448477,0.7245396449986474,0.474539973097876,module_03,0.997108563679602
TreatmentCXCL10 + RV16:log10viral_load,0.3128473441791884,0.30044568701684016,20.274274238595012,1.0412775343373564,0.31000545615266667,module_04,0.997108563679602
TreatmentCXCL10 + RV16:log10viral_load,-6.015017163909013e-4,0.08998503614396029,19.911264570335497,-0.006684463797165164,0.9947331293613386,module_05,0.997108563679602
TreatmentCXCL10 + RV16:log10viral_load,0.046447839831036605,0.09495948301533758,18.31992785454866,0.4891332424749457,0.6305520721658215,module_06,0.997108563679602
TreatmentCXCL10 + RV16:log10viral_load,0.0793704765644922,0.09225308092437792,20.159378153418434,0.8603558360241008,0.3997097057129101,module_07,0.997108563679602
TreatmentCXCL10 + RV16:log10viral_load,-0.041421539970710665,0.04389923086583322,18.684451858246373,-0.943559583021056,0.35743673863314995,module_08,0.997108563679602
TreatmentCXCL10 + RV16:log10viral_load,-0.12980634353356926,0.27386650576849797,20.2766654471958,-0.47397670324568947,0.6405804301022151,module_09,0.997108563679602
TreatmentCXCL10 + RV16:log10viral_load,-0.006925191753455462,0.08080423452663629,19.66709514977419,-0.08570332723308756,0.9325687504632054,module_10,0.997108563679602
TreatmentCXCL10 + RV16:log10viral_load,-2.795362763545754e-4,0.0761196690794733,18.818903047747835,-0.003672326479279928,0.997108563679602,module_11,0.997108563679602
TreatmentCXCL10 + RV16:log10viral_load,0.04853462705570448,0.06736155538272878,19.253020042427696,0.7205092991090368,0.4798688795600661,module_12,0.997108563679602
TreatmentCXCL10 + RV16:log10viral_load,-0.012507631028291267,0.07151222180986758,21.1611219161425,-0.17490200572352246,0.8628192952692887,module_13,0.997108563679602
TreatmentCXCL10 + RV16:log10viral_load,0.11427317240011944,0.09647408096367094,19.481227253727543,1.1844960973834109,0.2504671306618151,module_14,0.997108563679602
TreatmentCXCL10 + RV16:log10viral_load,-0.03633540359815087,0.11880502101818034,20.196437242194065,-0.3058406394506726,0.7628561774804969,module_15,0.997108563679602
TreatmentCXCL10 + RV16:log10viral_load,-0.02517920999942301,0.22003183468794318,18.639580716270096,-0.11443439552796096,0.9101171278699199,module_16,0.997108563679602
TreatmentCXCL10 + RV16:log10viral_load,0.10953469930930537,0.06525209391287251,18.755439128854682,1.6786388411621083,0.10980635230246003,module_17,0.997108563679602
TreatmentCXCL10 + RV16:log10viral_load,0.2208261418021579,0.18109521064880554,19.64119807749618,1.219392500834281,0.2371369964203957,module_18,0.997108563679602
TreatmentCXCL10 + RV16:log10viral_load,0.018812691867541042,0.07311424294956194,19.63952175857188,0.2573054320006983,0.7996196001149696,module_20,0.997108563679602
TreatmentCXCL10 + RV16:log10viral_load,-0.0032668550810816856,0.08417301025779463,19.546782721739156,-0.038811194598795604,0.9694345818229162,module_21,0.997108563679602
TreatmentCXCL10 + RV16:log10viral_load,0.02786291646810186,0.09212544318981641,19.849088139669085,0.3024453994831022,0.7654590905781189,module_22,0.997108563679602
TreatmentCXCL10 + RV16:log10viral_load,-0.09777521762537053,0.04900252634107314,17.872780935600254,-1.995309730458058,0.06148335957766774,module_23,0.997108563679602
TreatmentCXCL10 + RV16:log10viral_load,-0.029614762264433252,0.07457864963930974,19.60893716498689,-0.3970943749673844,0.6955868562677732,module_24,0.997108563679602
TreatmentCXCL10 + RV16:log10viral_load,-0.019067418098886166,0.040698097623378914,20.331323997405363,-0.46850882995407966,0.6444048889099494,module_25,0.997108563679602
TreatmentCXCL10 + RV16:log10viral_load,0.030250803336740135,0.07381719485890204,20.256797172301084,0.4098070022108408,0.6862489423382745,module_26,0.997108563679602
TreatmentCXCL10 + RV16:log10viral_load,0.0789515895314707,0.13075728618471041,21.071999384841106,0.6038026012557501,0.5524202557858826,module_27,0.997108563679602
TreatmentCXCL10 + RV16:log10viral_load,-0.013033044601576733,0.10149723599850022,20.47558739960841,-0.12840787705558127,0.899079077252146,module_28,0.997108563679602
TreatmentCXCL10 + RV16:log10viral_load,0.06954419310107138,0.12050604579799992,20.518865829898406,0.5771012785337416,0.5701493626747849,module_29,0.997108563679602
TreatmentCXCL10 + RV16:log10viral_load,-0.09894821326730573,0.1067650786027249,20.903624674524433,-0.9267844370301465,0.3646160686726382,module_30,0.997108563679602
TreatmentCXCL10 + RV16:log10viral_load,-0.06437504774070141,0.10043832351321895,20.624652040299917,-0.6409410819389956,0.528619265606529,module_31,0.997108563679602
TreatmentCXCL10 + RV16:log10viral_load,-0.04303104847824408,0.13668494609938175,19.3384269957736,-0.3148192226447292,0.7562704817389552,module_32,0.997108563679602
TreatmentCXCL10 + RV16:log10viral_load,-0.11749444416394786,0.14034581307299351,17.26056598799791,-0.8371781216076556,0.4139341628537888,module_33,0.997108563679602
TreatmentCXCL10 + RV16:log10viral_load,0.2585496698923427,0.22101982743878965,19.26892047445296,1.169803057438124,0.25634685196833484,module_34,0.997108563679602
TreatmentCXCL10 + RV16:log10viral_load,-0.003434191347922233,0.109362054079095,19.63144115885823,-0.031402037725429786,0.9752659819492204,module_35,0.997108563679602
TreatmentCXCL10 + RV16:log10viral_load,-0.015233141451495978,0.15388211344234634,19.29190989986401,-0.09899228123873699,0.922165790272083,module_36,0.997108563679602
TreatmentCXCL10 + RV16:log10viral_load,-0.14776858800741283,0.1107969000625792,16.99048749468662,-1.3336888299578025,0.19991032366430617,module_37,0.997108563679602
TreatmentCXCL10 + RV16:log10viral_load,-0.03412967845921731,0.1653063928589849,17.77569061171152,-0.2064631492402821,0.8387755509481414,module_38,0.997108563679602
TreatmentCXCL10 + RV16:log10viral_load,0.0016540844046695911,0.15758221628853838,20.510642617180714,0.010496643870275987,0.9917264722933723,module_39,0.997108563679602
TreatmentCXCL10 + RV16:log10viral_load,0.0021636862408160114,0.11948447024387078,20.06464469955791,0.01810851432324112,0.9857311488529561,module_40,0.997108563679602
TreatmentCXCL10 + RV16:log10viral_load,0.04895632778172711,0.1595491074037166,17.420155964117352,0.3068417528519918,0.7626013499692577,module_41,0.997108563679602
TreatmentCXCL10 + RV16:log10viral_load,-0.18292157457898534,0.17095094547105655,17.984689632034748,-1.0700237666129522,0.29875977032728307,module_42,0.997108563679602
